StopCode,StopName,Country,StopLat,StopLng
HT,'s-Hertogenbosch,NL,51.69048,5.29362
HTO,'s-Hertogenbosch Oost,NL,51.700553894043,5.3183331489563
HDE,'t Harde,NL,52.4091682,5.893611
AHBF,Aachen Hbf,D,50.7678,6.091499
AW,Aachen West,D,50.78036,6.070715
ATN,Aalten,NL,51.921326524551,6.5786272287369
AC,Abcoude,NL,52.2785,4.977
EAHS,Ahaus,D,52.079796120944,7.0163583755493
AIME,Aime-la-Plagne,F,45.55438,6.64869
ACDG,Airport Charles de Gaulle,F,49.004048,2.571133
AIXTGV,Aix-en-Provence TGV,F,43.522819077343,5.4453134536743
AKM,Akkrum,NL,53.046390533447,5.843611240387
ALBERT,Albertville,F,45.67302,6.38306
AMR,Alkmaar,NL,52.63777923584,4.7397222518921
AMRN,Alkmaar Noord,NL,52.643890380859,4.7641668319702
AML,Almelo,NL,52.358055114746,6.6538887023926
AMRI,Almelo de Riet,NL,52.341945648193,6.6666665077209
ALMB,Almere Buiten,NL,52.394165039062,5.2780556678772
ALM,Almere Centrum,NL,52.37503,5.21764
ALMM,Almere Muziekwijk,NL,52.367500305176,5.1902775764465
ALMO,Almere Oostvaarders,NL,52.403331756592,5.3005557060242
ALMP,Almere Parkwijk,NL,52.376667022705,5.244722366333
AMPO,Almere Poort,NL,52.342778,5.151944
APN,Alphen a/d Rijn,NL,52.124443054199,4.6577777862549
EABG,Altenberge,D,52.05223,7.481202
AMF,Amersfoort Centraal,NL,52.153888702393,5.3705554008484
AMFS,Amersfoort Schothorst,NL,52.174822137451,5.4038887023926
AVAT,Amersfoort Vathorst,NL,52.192779541016,5.4338889122009
ASA,Amsterdam Amstel,NL,52.346668243408,4.9177780151367
ASB,Amsterdam Bijlmer ArenA,NL,52.3122215271,4.9469442367554
ASD,Amsterdam Centraal,NL,52.378887176514,4.9002776145935
ASHD,Amsterdam Holendrecht,NL,52.29844,4.95972
ASDL,Amsterdam Lelylaan,NL,52.357776641846,4.8338890075684
ASDM,Amsterdam Muiderpoort,NL,52.360553741455,4.9311113357544
RAI,Amsterdam RAI,NL,52.337223052979,4.8902778625488
ASSP,Amsterdam Science Park,NL,52.35526,4.94651
ASS,Amsterdam Sloterdijk,NL,52.388889312744,4.8377776145935
ASDZ,Amsterdam Zuid,NL,52.338889,4.872356
AMST,Amstetten NÖ,A,48.578476,9.873496
ANA,Anna Paulowna,NL,52.867221832275,4.8111109733581
BERCH,Antwerpen-Berchem,B,51.198914,4.4332
ATW,Antwerpen-Centraal,B,51.21686,4.421242
ATWLB,Antwerpen-Luchtbal,B,51.2449375,4.4251543
ANDD,Antwerpen-Noorderdokken,B,51.261686,4.4274315
FNZD,Antwerpen-Zuid,B,51.19785,4.39027
APD,Apeldoorn,NL,52.209167480469,5.9702777862549
APDM,Apeldoorn De Maten,NL,52.205276489258,6.0005555152893
APDO,Apeldoorn Osseveld,NL,52.215278625488,6.0044445991516
APG,Appingedam,NL,53.3258135,6.8619577
AKL,Arkel,NL,51.87194442749,4.9927778244019
ARN,Arnemuiden,NL,51.501667022705,3.6691665649414
AH,Arnhem Centraal,NL,51.985000610352,5.8991665840149
AHPR,Arnhem Presikhaaf,NL,51.988056182861,5.9438886642456
AHP,Arnhem Velperpoort,NL,51.985279083252,5.9194445610046
AHZ,Arnhem Zuid,NL,51.955001831055,5.8519444465637
ASN,Assen,NL,52.991664886475,6.5708332061768
MA,Augsburg Hbf,D,48.365430714393,10.88547706604
AVTGV,Avignon TGV,F,43.92194,4.78604
BRN,Baarn,NL,52.208332061768,5.2808332443237
BH,Bad Bentheim,D,52.309685595156,7.1585369110107
NSCH,Bad Nieuweschans,NL,53.1844,7.19937
OEYNH,Bad Oeynhausen,D,52.205461,8.796932
BADENZ,Baden (CH),CH,47.47638,8.30772
BF,Baflo,NL,53.3608969,6.5185581
BRD,Barendrecht,NL,51.854721069336,4.5533332824707
BNC,Barneveld Centrum,NL,52.139999389648,5.590277671814
BNN,Barneveld Noord,NL,52.161388397217,5.5980553627014
BNZ,Barneveld Zuid,NL,52.128853,5.60246
BASELB,Basel Bad Bf,D,47.56815,7.6073
BASELS,Basel SBB,CH,47.5474,7.58956
BDM,Bedum,NL,53.3068857,6.593054
BK,Beek-Elsloo,NL,50.947498321533,5.7866668701172
BSD,Beesd,NL,51.899444580078,5.1944446563721
BL,Beilen,NL,52.854721069336,6.5211110115051
LLB,Belsele,B,51.150833,4.088332
BGN,Bergen op Zoom,NL,51.49388885498,4.2961111068726
GSB,Berlin Gesundbrunnen,D,52.5486327,13.3904267
BERHBL,Berlin Hbf,D,52.52503,13.36946
BHF,Berlin Ostbahnhof,D,52.5104989,13.4346995
BSPD,Berlin-Spandau,D,52.5343152,13.1989467
BET,Best,NL,51.509998321533,5.3891668319702
FBR,Beveren,B,51.208056,4.259444
BV,Beverwijk,NL,52.478332519531,4.6566667556763
BIELEF,Bielefeld Hbf,D,52.029261,8.532722
BHV,Bilthoven,NL,52.130001068115,5.2038888931274
FIE,Bilzen,B,50.868333,5.509167
BR,Blerick,NL,51.372501373291,6.1550002098083
BLL,Bloemendaal,NL,52.404167175293,4.6275000572205
BDG,Bodegraven,NL,52.081390380859,4.7461109161377
KBOI,Boisheim,D,51.274323,6.274591
ALESS,Bologna Centrale,I,44.506389,11.341944
EBEO,Bönen,D,51.598015,7.757296
BONN,Bonn Hbf,D,50.732014164675,7.0971250534058
KBB,Bonn-Beuel,D,50.738611,7.127778
FMB,Boom,B,51.09063,4.36057
EBOK,Bork (Westf),D,51.66988,7.45664
BN,Borne,NL,52.298889160156,6.7480554580689
BSK,Boskoop,NL,52.077777862549,4.6469445228577
BSKS,Boskoop Snijdelwijk,NL,52.067658,4.646186
BOURG,Bourg-St-Maurice,F,45.61918,6.77167
BHDV,Boven-Hardinxveld,NL,51.832222,4.878056
BKF,Bovenkarspel Flora,NL,52.696109771729,5.2527775764465
BKG,Bovenkarspel-Grootebroek,NL,52.694999694824,5.2377777099609
BMR,Boxmeer,NL,51.644521767653,5.9390330314636
BTL,Boxtel,NL,51.58433,5.31912
BD,Breda,NL,51.595554351807,4.7800002098083
BDPB,Breda-Prinsenbeek,NL,51.606388092041,4.7208333015442
BRESSX,Bressoux,B,50.643829,5.6112542
BKL,Breukelen,NL,52.17149,4.9906
KBRY,Breyell,D,51.294615,6.241174
BMN,Brummen,NL,52.091110229492,6.1469445228577
BRUSC,Brussel-Centraal,B,50.845175,4.357131
BRUSN,Brussel-Noord,B,50.859658,4.360854
BRUSZ,Brussel-Zuid Midi,B,50.836782,4.336922
FBNL,Brussels Airport-Zaventem,B,50.896821,4.48549
BP,Buitenpost,NL,53.2564547,6.1446496
BDE,Bunde,NL,50.896945953369,5.7366666793823
BUENDE,Bünde (Westf),D,52.202075,8.573876
BNK,Bunnik,NL,52.063056945801,5.1944446563721
BSMZ,Bussum Zuid,NL,52.26583480835,5.1630554199219
CPS,Capelle Schollevaar,NL,51.954166412354,4.5841665267944
CAS,Castricum,NL,52.545833587646,4.6586112976074
CHAMB,Chambéry,F,45.57127,5.91953
CVM,Chevremont,NL,50.876110076904,6.0597224235535
ECMF,Coesfeld (Westf),D,51.939,7.1642
CO,Coevorden,NL,52.663612365723,6.7355556488037
COMO,Como S. Giovanni,I,45.80889,9.071944
CK,Cuijk,NL,51.726682587905,5.8742952346802
CL,Culemborg,NL,51.946666717529,5.2269444465637
DA,Daarlerveen,NL,52.4407702,6.5759947
DLN,Dalen,NL,52.69416809082,6.7580556869507
DL,Dalfsen,NL,52.498332977295,6.25861120224
DVNK,De Vink,NL,52.147220611572,4.4563889503479
DWE,De Westereen,NL,53.24817,6.03463
DEI,Deinum,NL,53.1888115,5.7281572
DDN,Delden,NL,52.259998321533,6.7161111831665
DT,Delft,NL,52.00666809082,4.3563890457153
DTCP,Delft Campus,NL,51.990833282471,4.3647222518921
DZ,Delfzijl,NL,53.3336625,6.9240797
DZW,Delfzijl West,NL,53.3320834,6.9069092
DLD,Den Dolder,NL,52.140277862549,5.2427778244019
GVC,Den Haag Centraal,NL,52.080276489258,4.3249998092651
GV,Den Haag HS,NL,52.069721221924,4.3225002288818
LAA,Den Haag Laan v NOI,NL,52.078609466553,4.3427777290344
GVM,Den Haag Mariahoeve,NL,52.090557098389,4.3694443702698
GVMW,Den Haag Moerwijk,NL,52.053890228271,4.3086109161377
YPB,Den Haag Ypenburg,NL,52.055278778076,4.39222240448
HDR,Den Helder,NL,52.955276489258,4.7611112594605
HDRZ,Den Helder Zuid,NL,52.932498931885,4.7641668319702
DN,Deurne,NL,51.455833435059,5.7888889312744
DV,Deventer,NL,52.257499694824,6.1605553627014
DVC,Deventer Colmschate,NL,52.2502784729,6.2144446372986
DID,Didam,NL,51.933502,6.1324106
DMN,Diemen,NL,52.34515,4.967566
DMNZ,Diemen Zuid,NL,52.330276489258,4.9558334350586
GDP,Diepenbeek,B,50.910278,5.419722
DR,Dieren,NL,52.044998168945,6.1030554771423
DTC,Doetinchem,NL,51.9585962,6.2962148
DTCH,Doetinchem De Huet,NL,51.9591413,6.2598521
DDR,Dordrecht,NL,51.807220458984,4.668333530426
DDRS,Dordrecht Stadspolders,NL,51.801944732666,4.7166666984558
DDZD,Dordrecht Zuid,NL,51.790000915527,4.6713891029358
EDD,Dortmund Derne,D,51.56754,7.52855
EDO,Dortmund Hbf,D,51.517896,7.45929
EDKD,Dortmund Kirchderne,D,51.547076,7.510099
DB,Driebergen-Zeist,NL,52.065277099609,5.25861120224
DRH,Driehuis,NL,52.442501068115,4.6380553245544
DRP,Dronryp,NL,53.1778086,5.6347411
DRON,Dronten,NL,52.5344,5.72089
DUISB,Duisburg Hbf,D,51.429778571332,6.7759037017822
DVN,Duiven,NL,51.943332672119,6.0147223472595
DVD,Duivendrecht,NL,52.323333740234,4.9363889694214
KDUL,Dülken,D,51.257149,6.33793
EDULH,Dülmen,D,51.827927,7.295756
KDFFH,Düsseldorf Flughafen,D,51.292009,6.786836
DUSSEL,Düsseldorf Hbf,D,51.220146,6.793137
EC,Echt,NL,51.100555419922,5.8788890838623
EDC,Ede Centrum,NL,52.043609619141,5.668333530426
ED,Ede-Wageningen,NL,52.027778625488,5.6730556488037
EEM,Eemshaven,NL,53.458419,6.832
EDN,Eijsden,NL,50.771945953369,5.710000038147
EHV,Eindhoven Centraal,NL,51.443332672119,5.4813890457153
EHS,Eindhoven Strijp-S,NL,51.451110839844,5.4558334350586
LKR,Ekeren,B,51.2816099,4.4341227
EST,Elst,NL,51.916942596435,5.8550000190735
EMN,Emmen,NL,52.790000915527,6.8994445800781
EMNZ,Emmen Zuid,NL,52.748866374691,6.8747806549072
EM,Emmerich,D,51.834283,6.255718
EL,Emmerich-Elten,D,51.8743,6.15417
EKZ,Enkhuizen,NL,52.699165344238,5.286388874054
EENP,Ennepetal,D,51.304892,7.343285
ES,Enschede,NL,52.222499847412,6.8899998664856
ESE,Enschede De Eschmarke,NL,52.221389770508,6.9511113166809
ESK,Enschede Kennispark,NL,52.23749923706,6.8388891220093
EEPE,Epe (Westf),D,52.18346,7.03009
EML,Ermelo,NL,52.301666259766,5.6147222518921
ESN,Essen,B,51.46261,4.45129
ETN,Etten-Leur,NL,51.57500076294,4.6358332633972
EGH,Eygelshoven,NL,50.890556335449,6.0450000762939
EGHM,Eygelshoven Markt,NL,50.896049819644,6.0602474212646
FWD,Feanwâlden,NL,53.2351834,5.9886615
LIVOR,Firenze Campo di Marte,I,43.776667,11.276667
FN,Franeker,NL,53.1824488,5.5483094
FFFM,Frankfurt (M) Hbf,D,50.1071222,8.6638338
FFS,Frankfurt (Main) Süd,D,50.099444,8.686389
FNAF,Frankfurt Flughafen Fernb,D,50.053171029929,8.570237159729
RF,Freiburg (Breisgau) Hbf,D,47.99789,7.84134
GDR,Gaanderen,NL,51.93074,6.3486
GDM,Geldermalsen,NL,51.88301,5.27127
GP,Geldrop,NL,51.419723510742,5.5505557060242
GLN,Geleen Oost,NL,50.966945648193,5.8430557250977
LUT,Geleen-Lutterade,NL,50.975555419922,5.8247222900391
FGSP,Gent Sint Pieters,B,51.0361744,3.7108469
GZ,Gilze-Rijen,NL,51.583610534668,4.9261112213135
GBR,Glanerbrug,NL,52.218612670898,6.9744443893433
LGL,Glons,B,50.750277,5.535278
GS,Goes,NL,51.498054504395,3.8905556201935
GO,Goor,NL,52.230278015137,6.5844445228577
TGO,Göppingen,D,48.700191,9.651685
GR,Gorinchem,NL,51.833889007568,4.9683332443237
HOJE,Göteborg Central,S,57.708889,11.973333
GD,Gouda,NL,52.017501831055,4.7044444084167
GDG,Gouda Goverwelle,NL,52.014999389648,4.7408332824707
GBG,Gramsbergen,NL,52.60916519165,6.6758332252502
GK,Grijpskerk,NL,53.255740325573,6.3097786903381
G,Gronau (Westf.),D,52.21521,7.022109
GN,Groningen,NL,53.210556030273,6.5647220611572
GERP,Groningen Europapark,NL,53.20480027,6.5854178
GNN,Groningen Noord,NL,53.2301469,6.5563172
GW,Grou-Jirnsum,NL,53.088890075684,5.8225002288818
MGZB,Günzburg,D,48.460226,10.278707
HLM,Haarlem,NL,52.38777923584,4.6383333206177
HLMS,Haarlem Spaarnwoude,NL,52.382778167725,4.6730556488037
HAGEN,Hagen Hbf,D,51.362747,7.460249
HWZB,Halfweg-Zwanenburg,NL,52.385935,4.747165
HAMM,Hamm (Westf.),D,51.678078,7.807821
HANN,Hannover Hbf,D,52.3770401,9.7416759
HDB,Hardenberg,NL,52.572776794434,6.6286110877991
HD,Harderwijk,NL,52.337501525879,5.619722366333
HBZM,Hardinxveld Blauwe Zoom,NL,51.82944,4.81556
GND,Hardinxveld-Giessendam,NL,51.830554962158,4.8358335494995
HRN,Haren,NL,53.176109313965,6.6172223091125
HLG,Harlingen,NL,53.1704205,5.4251932
HLGH,Harlingen Haven,NL,53.174917,5.4112885
FHS,Hasselt,B,50.930555,5.3275
HK,Heemskerk,NL,52.495277404785,4.6869444847107
HAD,Heemstede-Aerdenhout,NL,52.35916519165,4.6066665649414
HR,Heerenveen,NL,52.961387634277,5.9141664505005
HRY,Heerenveen IJsstadion,NL,52.935276031494,5.9438886642456
HWD,Heerhugowaard,NL,52.669723510742,4.8227777481079
HRL,Heerlen,NL,50.89083480835,5.9749999046326
HRLW,Heerlen Woonboulevard,NL,50.896667,5.952222
HZE,Heeze,NL,51.384998321533,5.5694446563721
MID,Heide (B),B,51.364828,4.4604308
HLO,Heiloo,NL,52.599445343018,4.7005553245544
HNO,Heino,NL,52.427223205566,6.2211112976074
HM,Helmond,NL,51.475555419922,5.6619443893433
HMH,Helmond 't Hout,NL,51.46794,5.63085
HMBV,Helmond Brandevoort,NL,51.462223052979,5.6072220802307
HMBH,Helmond Brouwhuis,NL,51.47068,5.70177
LKM,Hemiksem,B,51.13624,4.33828
HMN,Hemmen-Dodewaard,NL,51.9222129,5.6737254
HGL,Hengelo,NL,52.261665344238,6.7938890457153
HGLG,Hengelo Gezondheidspark,NL,52.261667,6.767778
HGLO,Hengelo Oost,NL,52.268890380859,6.8194446563721
LHS,Herstal,B,50.66076,5.62231
HZ,Herzogenrath,D,50.870916,6.094486
HIL,Hillegom,NL,52.302501678467,4.5655555725098
HVS,Hilversum,NL,52.225833892822,5.1819443702698
HVSM,Hilversum Media Park,NL,52.238056182861,5.1738886833191
HVSP,Hilversum Sportpark,NL,52.216110229492,5.1872220039368
HNP,Hindeloopen,NL,52.9464903,5.423063
FOE,Hoboken-Polder,B,51.18285,4.34831
HB,Hoensbroek,NL,50.905555725098,5.9305553436279
HVL,Hoevelaken,NL,52.16652,5.45718
HOR,Hollandsche Rading,NL,52.17777633667,5.1791667938232
HON,Holten,NL,52.283889770508,6.42027759552
EHZW,Holzwickede,D,51.504767,7.619647
HFD,Hoofddorp,NL,52.293334960938,4.7005553245544
HGV,Hoogeveen,NL,52.733890533447,6.4736108779907
HGZ,Hoogezand-Sappemeer,NL,53.159818131676,6.7707538604736
HKS,Hoogkarspel,NL,52.69055557251,5.1838889122009
HN,Hoorn,NL,52.644721984863,5.0555553436279
HNK,Hoorn Kersenboogerd,NL,52.653610229492,5.0855555534363
HOPF,Hopfgarten,A,47.45525,12.14921
HRT,Horst-Sevenum,NL,51.426387786865,6.0422220230103
HTN,Houten,NL,52.03402,5.16821
HTNC,Houten Castellum,NL,52.01701,5.17949
SGL,Houthem-St. Gerlach,NL,50.873332977295,5.7972221374512
HDG,Hurdegaryp,NL,53.2187783,5.934543
IJT,IJlst,NL,53.0146614,5.6160801
INNSB,Innsbruck Hbf,A,47.26328,11.401
JENBAC,Jenbach,A,47.38844,11.77841
KN,Kaldenkirchen,D,51.327184,6.203225
FKTH,Kalmthout,B,51.3909989,4.4668202
KPN,Kampen,NL,52.559722900391,5.9216666221619
KPNZ,Kampen Zuid,NL,52.5331,5.91309
BZL,Kapelle-Biezelinge,NL,51.480834960938,3.9561111927033
LKP,Kapellen,B,51.31362,4.43262
KARLSR,Karlsruhe Hbf,D,48.9936223,8.400743
KRD,Kerkrade Centrum,NL,50.861667633057,6.0574998855591
KTR,Kesteren,NL,51.9313869,5.5833465
GKT,Kijkuit,B,51.37867,4.46722
KBK,Klarenbeek,NL,52.17805480957,6.0836110115051
KMR,Klimmen-Ransdaal,NL,50.866390228271,5.8905553817749
KKO,Koblenz Hbf,D,50.351085,7.588649
KOLN,Köln Hbf,D,50.9432158,6.9589214
KKD,Köln Messe/Deutz,D,50.940874,6.975001
KKW,Köln West,D,50.943611,6.934444
KKERP,Köln-Ehrenfeld,D,50.951533,6.917276
KKM,Köln-Mülheim,D,50.958056,7.013333
KZ,Koog aan de Zaan,NL,52.458610534668,4.8055553436279
KMW,Koudum-Molkwerum,NL,52.9028197,5.4106913
ODENS,Københavns Lufthavn St,DK,55.63,12.649167
KBD,Krabbendijke,NL,51.433334350586,4.1169443130493
KMA,Krommenie-Assendelft,NL,52.49511,4.75417
KW,Kropswolde,NL,53.1617362,6.7220882
KRG,Kruiningen-Yerseke,NL,51.465000152588,4.0372223854065
KUFST,Kufstein,A,47.5831,12.16568
ZLW,Lage Zwaluwe,NL,51.69111251831,4.6630554199219
LG,Landgraaf,NL,50.896389007568,6.019166469574
LANDRY,Landry,F,45.57414,6.73378
LLZM,Lansingerland-Zoetermeer,NL,52.042222,4.517222
LEER,Leer (Ostfriesl),D,53.23165,7.465283
LDM,Leerdam,NL,51.894721984863,5.0913887023926
LW,Leeuwarden,NL,53.195835113525,5.7922220230103
LWC,Leeuwarden Camminghaburen,NL,53.2021808,5.8422968
ELGD,Legden,D,52.034924,7.088538
LEDN,Leiden Centraal,NL,52.166110992432,4.4816665649414
LDL,Leiden Lammenschans,NL,52.146945953369,4.4924998283386
LLS,Lelystad Centrum,NL,52.507778167725,5.4727778434753
ELET,Lette (Kr Coesfeld),D,51.8925,7.187
LEUVEN,Leuven,B,50.88136,4.71568
LTV,Lichtenvoorde-Groenlo,NL,52.01188,6.59641
FLJ,Liège-Carré,B,50.64051,5.56197
LUIK,Liège-Guillemins,B,50.62436,5.56648
FLGP,Liège-Saint-Lambert,B,50.64648,5.57072
LSL,Liers,B,50.69822,5.56848
LILLEE,Lille Europe,F,50.639444,3.074722
FLB,Limburg Süd,D,50.382498,8.096112
LINZ,Linz Hbf,A,48.29018,14.29213
LC,Lochem,NL,52.166667938232,6.4263887405395
FLK,Lokeren,B,51.107222,3.985833
STP,London St. Pancras Int.,GB,51.531437,-0.126136
LP,Loppersum,NL,53.3347145,6.7472625
ELDH,Lüdinghausen,D,51.76184,7.43165
ELUE,Lünen Hbf,D,51.61713,7.52949
LTN,Lunteren,NL,52.085277557373,5.6244444847107
MZ,Maarheeze,NL,51.304986,5.629796
MRN,Maarn,NL,52.064167022705,5.3699998855591
MAS,Maarssen,NL,52.135276794434,5.0336112976074
MT,Maastricht,NL,50.850276947021,5.7055554389954
MTN,Maastricht Noord,NL,50.87087,5.71774
MTR,Maastricht Randwyck,NL,50.838611602783,5.7172222137451
FMZ,Mainz Hbf,D,50.001117,8.25872
RINGS,Malmö Central,S,55.609444,13.000833
MANNHE,Mannheim Hbf,D,49.479354,8.468921
MG,Mantgum,NL,53.1296368,5.7131996
MRB,Mariënberg,NL,52.50944519043,6.5752778053284
MARNE,Marne-la-Vallée-Chessy,F,48.86826,2.78218
MARS,Marseille-St-Charles,F,43.30381,5.38195
MTH,Martenshoek,NL,53.1607232,6.7402989
MECH,Mechelen,B,51.01758,4.48313
MES,Meerssen,NL,50.882879392551,5.7509994506836
LM,Melsele,B,51.210556,4.286667
MP,Meppel,NL,52.69083404541,6.1975002288818
EMTE,Metelen Land,D,52.162444,7.254423
MDB,Middelburg,NL,51.494720458984,3.6172223091126
DOMOD,Milano Porta Garibaldi,I,45.484722,9.187778
BLTM,Milmort,B,50.69301,5.59983
MINDEN,Minden (Westf),D,52.290138,8.934728
MCGB,Mönchengladbach Hbf,D,51.196583,6.446111
MMLH,Mook-Molenhoek,NL,51.766262,5.879133
MOUT,Moutiers-Salins-Brides,F,45.48664,6.53105
MUNCHH,München Hbf,D,48.140203335951,11.558346748352
STRAUB,München Ost,D,48.1275,11.605
ENHF,Münster (W) Zentrum Nord,D,51.984987,7.63861
MUNST,Münster (Westf) Hbf,D,51.956892,7.635895
ENBE,Münster-Häger,D,52.022327,7.562668
NDB,Naarden-Bussum,NL,52.280277252197,5.1569442749023
NEUSS,Neuss Hbf,D,51.20444,6.68468
LNI,Niel,B,51.11154,4.33845
NA,Nieuw Amsterdam,NL,52.718612670898,6.8486108779907
NVP,Nieuw Vennep,NL,52.258888244629,4.6455554962158
NWK,Nieuwerkerk a/d IJssel,NL,51.965278625488,4.6169443130493
FNU,Nieuwkerken-Waas,B,51.185556,4.185832
NKK,Nijkerk,NL,52.222221374512,5.4938888549805
NM,Nijmegen,NL,51.843612670898,5.8522224426269
NMD,Nijmegen Dukenburg,NL,51.824165344238,5.7955555915833
NMGO,Nijmegen Goffert,NL,51.8273,5.822722
NMH,Nijmegen Heyendaal,NL,51.826946258545,5.8674998283386
NML,Nijmegen Lent,NL,51.863154,5.859625
NVD,Nijverdal,NL,52.366111,6.462
NDKP,Noorderkempen,B,51.358088,4.633977
ENOW,Nordwalde,D,52.077618,7.461706
NS,Nunspeet,NL,52.370834350586,5.7852778434753
NURNB,Nürnberg Hbf,D,49.4449634,11.0826087
NH,Nuth,NL,50.919445037842,5.8927779197693
OBD,Obdam,NL,52.67805480957,4.9072222709656
OBERH,Oberhausen Hbf,D,51.47512,6.852038
OBERHS,Oberhausen-Sterkrade,D,51.512222,6.843611
EOP,Ochtrup,D,52.201703,7.182643
RO,Offenburg,D,48.476475,7.946723
OT,Oisterwijk,NL,51.582221984863,5.1941666603088
ODZ,Oldenzaal,NL,52.30638885498,6.9347224235535
OST,Olst,NL,52.334720611572,6.1130557060242
OMN,Ommen,NL,52.50944519043,6.4158334732056
OTB,Oosterbeek,NL,51.994998931885,5.8400001525879
OP,Opheusden,NL,51.9261615,5.6371145
OSNH,Osnabrück Hbf,D,52.272851,8.061781
O,Oss,NL,51.765556335449,5.5322222709656
OW,Oss West,NL,51.758056640625,5.5055556297302
ODB,Oudenbosch,NL,51.587776184082,4.5333333015442
OVN,Overveen,NL,52.391109466553,4.6061110496521
PARIS,Paris-Nord,F,48.87977,2.35575
PASS,Passau Hbf,D,48.573426952347,13.450870513916
TP,Plochingen,D,48.71308,9.41081
EPRA,Praest,D,51.821944,6.345556
EPRN,Preussen,D,51.58833,7.53933
PMR,Purmerend,NL,52.50305557251,4.9536108970642
PMO,Purmerend Overwhere,NL,52.511390686035,4.9683332443237
PMW,Purmerend Weidevenne,NL,52.496590632542,4.9356293678284
PT,Putten,NL,52.264999389648,5.5752778053284
FRP,Puurs,B,51.07716,4.28273
RAT,Raalte,NL,52.391666412354,6.2775001525879
RVS,Ravenstein,NL,51.794166564941,5.6358332633972
REGENB,Regensburg Hbf,D,49.011672,12.099617
RV,Reuver,NL,51.28321916653,6.0789585113525
RH,Rheden,NL,52.0101,6.0314
RHEINE,Rheine,D,52.276299,7.434255
RHN,Rhenen,NL,51.958610534668,5.5783333778381
RSN,Rijssen,NL,52.3122215271,6.5202779769897
RSW,Rijswijk,NL,52.039722442627,4.3191666603088
RB,Rilland-Bath,NL,51.422779083252,4.1611108779907
RM,Roermond,NL,51.193054199219,5.9941668510437
RD,Roodeschool,NL,53.421262,6.7587
RSD,Roosendaal,NL,51.540279388428,4.4583334922791
EHW,Rosendahl-Holtwick,D,51.99946726041,7.1215009689331
ROSENH,Rosenheim,D,47.85,12.119167
RS,Rosmalen,NL,51.714721679688,5.3680553436279
RTA,Rotterdam Alexander,NL,51.951946258545,4.5536112785339
RTB,Rotterdam Blaak,NL,51.920276641846,4.4888887405395
RTD,Rotterdam Centraal,NL,51.92499923706,4.468888759613
RLB,Rotterdam Lombardijen,NL,51.880001068115,4.531388759613
RTN,Rotterdam Noord,NL,51.942222595215,4.4816665649414
RTST,Rotterdam Stadion,NL,51.893890380859,4.5197219848633
RTZ,Rotterdam Zuid,NL,51.904445648193,4.5102777481079
FSV,Ruisbroek-Sauvegarde,B,51.08115,4.32551
RL,Ruurlo,NL,52.0810888,6.4492656
SCHARD,Salzburg Hbf,A,47.813056,13.045833
SPTN,Santpoort Noord,NL,52.43388748169,4.6325001716614
SPTZ,Santpoort Zuid,NL,52.419723510742,4.6313886642456
SSH,Sassenheim,NL,52.215278,4.517222
SWD,Sauwerd,NL,53.29113,6.5404
SGN,Schagen,NL,52.784442901611,4.8052778244019
SDA,Scheemda,NL,53.1655362,6.9777775
SCHLL,Schelle,B,51.12555,4.34023
SDM,Schiedam Centrum,NL,51.921243812803,4.4089937210083
SOG,Schin op Geul,NL,50.856388092041,5.8722224235535
SN,Schinnen,NL,50.939167022705,5.8744444847107
SHL,Schiphol Airport,NL,52.30944442749,4.7619442939758
KSWE,Schwelm,D,51.290526,7.289681
ESRT,Schwerte (Ruhr),D,51.442281,7.55896
ESEM,Selm,D,51.707885,7.453396
ESEB,Selm-Beifang,D,51.692947,7.454829
KSB,Siegburg/Bonn,D,50.7939411,7.2030017
LSW,Sinaai,B,51.143333,4.068889
MARIA,Sint-Mariaburg,B,51.29126,4.43495
FSN,Sint-Niklaas,B,51.171944,4.144167
STD,Sittard,NL,51.001667022705,5.8586111068726
SDT,Sliedrecht,NL,51.829723358154,4.7783331871033
SDTB,Sliedrecht Baanhoek,NL,51.829722,4.743333
SK,Sneek,NL,53.0328688,5.6523969
SKND,Sneek Noord,NL,53.0409319,5.6631808
ST,Soest,NL,52.173332214355,5.3099999427795
STZ,Soest Zuid,NL,52.165279388428,5.3030557632446
SD,Soestdijk,NL,52.183612823486,5.3000001907349
SBK,Spaubeek,NL,50.94327,5.850529
POLTEN,St.Pölten Hbf,A,48.20769,15.62591
STV,Stavoren,NL,52.8865535,5.3600212
STM,Stedum,NL,53.3262092,6.6875551
SWK,Steenwijk,NL,52.791510992432,6.1145557632446
EBGO,Steinfurt-Borghorst,D,52.118791,7.397581
EBFT,Steinfurt-Burgsteinfurt,D,52.147384,7.32934
EGRK,Steinfurt-Grottenkamp,D,52.123439,7.376031
LS,Stendal,D,52.594723,11.854412
TS,Stuttgart Hbf,D,48.784084,9.181635
SRN,Susteren,NL,51.061389923096,5.8630557060242
SM,Swalmen,NL,51.23582,6.03228
TG,Tegelen,NL,51.33894,6.14253
TBG,Terborg,NL,51.9224549,6.3642466
TL,Tiel,NL,51.889446258545,5.4222221374512
TPSW,Tiel Passewaaij,NL,51.873889923096,5.39222240448
TB,Tilburg,NL,51.560554504395,5.0836110115051
TBR,Tilburg Reeshof,NL,51.573612213135,4.9944443702698
TBU,Tilburg Universiteit,NL,51.564985,5.051778
FTG,Tongeren,B,50.784167,5.473056
KT,Troisdorf,D,50.813889,7.150833
TWL,Twello,NL,52.237777709961,6.0986108779907
UTG,Uitgeest,NL,52.521667480469,4.7016668319702
UHZ,Uithuizen,NL,53.4099568,6.6748869
UHM,Uithuizermeeden,NL,53.4145845,6.7202975
TU,Ulm Hbf,D,48.399015,9.982165
EUN,Unna,D,51.5385828,7.6953056
UST,Usquert,NL,53.4014742,6.6093776
UT,Utrecht Centraal,NL,52.088890075684,5.1102776527405
UTLR,Utrecht Leidsche Rijn,NL,52.09896,5.06523
UTLN,Utrecht Lunetten,NL,52.06555557251,5.144166469574
UTM,Utrecht Maliebaan,NL,52.087776184082,5.1313886642456
UTO,Utrecht Overvecht,NL,52.110000610352,5.1247220039368
UTT,Utrecht Terwijde,NL,52.1000753,5.0439547
UTVR,Utrecht Vaartsche Rijn,NL,52.078889,5.121667
UTZL,Utrecht Zuilen,NL,52.103055,5.09
VALTGV,Valence TGV,F,44.9278,4.89321
VK,Valkenburg,NL,50.869720458984,5.8322219848633
VSV,Varsseveld,NL,51.937257,6.458839
VDM,Veendam,NL,53.10324,6.88475
VNDC,Veenendaal Centrum,NL,52.020000457764,5.548611164093
VNDW,Veenendaal West,NL,52.028057098389,5.531388759613
KLP,Veenendaal-De Klomp,NL,52.045833587646,5.5738887786865
VP,Velp,NL,51.994720458984,5.9802780151367
MEREL,Venezia Santa Lucia,I,45.4410734,12.3188549
VL,Venlo,NL,51.363609313965,6.1727776527405
VRY,Venray,NL,51.526568099007,6.0141777992248
VLB,Vierlingsbeek,NL,51.59193,5.99714
VIERS,Viersen,D,51.25516,6.40388
FVS,Visé,B,50.73781,5.69232
VTN,Vleuten,NL,52.103056,5.007404
VS,Vlissingen,NL,51.445835113525,3.5952777862549
VSS,Vlissingen Souburg,NL,51.464721679688,3.5952777862549
VDL,Voerendaal,NL,50.887222290039,5.9302778244019
VB,Voorburg,NL,52.066665649414,4.3594446182251
VH,Voorhout,NL,52.224445343018,4.4844446182251
VST,Voorschoten,NL,52.1252784729,4.4324998855591
VEM,Voorst-Empe,NL,52.157501220703,6.1436109542847
VD,Vorden,NL,52.1071949,6.3170457
VZ,Vriezenveen,NL,52.40203,6.60041
VHP,Vroomshoop,NL,52.4571921,6.5696679
VG,Vught,NL,51.655555725098,5.2919445037842
WAD,Waddinxveen,NL,52.044166564941,4.6497220993042
WADN,Waddinxveen Noord,NL,52.055000305176,4.6483335494995
WADT,Waddinxveen Triangel,NL,52.02725,4.6491
WFM,Warffum,NL,53.3908431,6.5671364
WR,Weener,D,53.16311,7.3442
WT,Weert,NL,51.248611450195,5.7036108970642
WP,Weesp,NL,52.3127784729,5.0430555343628
WL,Wehl,NL,51.9578065,6.213844
WELS,Wels Hbf,A,48.166111,14.026667
WESEL,Wesel,D,51.655833,6.627222
WTV,Westervoort,NL,51.96286,5.9695
WZ,Wezep,NL,52.454166412354,6.0025000572205
WBF,Wien Hbf,A,48.185,16.375833
WIENH,Wien Hütteldorf,A,48.197222,16.261389
WDN,Wierden,NL,52.361389160156,6.5916666984558
WC,Wijchen,NL,51.811668395996,5.730833530426
WH,Wijhe,NL,52.390277862549,6.1405553817749
GWD,Wildert,B,51.4277061,4.4633962
WS,Winschoten,NL,53.1392377,7.035101
WSM,Winsum,NL,53.3300994,6.5202905
WW,Winterswijk,NL,51.9677307,6.7155181
WWW,Winterswijk West,NL,51.97453,6.70417
WD,Woerden,NL,52.084999084473,4.8936109542847
WF,Wolfheze,NL,52.005554199219,5.7936110496521
HWOB,Wolfsburg Hbf,D,52.429492,10.788195
WV,Wolvega,NL,52.880832672119,6.0036110877991
WORGL,Wörgl,A,47.49178,12.06059
WK,Workum,NL,52.9724864,5.4564285
WM,Wormerveer,NL,52.489166259766,4.7922220230103
WUPPH,Wuppertal Hbf,D,51.25433,7.14939
KWBA,Wuppertal-Barmen,D,51.267082,7.195929
KWO,Wuppertal-Oberbarmen,D,51.273839,7.221483
WUPPV,Wuppertal-Vohwinkel,D,51.23351,7.07237
WURZB,Würzburg Hbf,D,49.80179,9.9358
ZD,Zaandam,NL,52.438888549805,4.8136110305786
ZDK,Zaandam Kogerveld,NL,52.456665039062,4.8202776908875
ZZS,Zaandijk Zaanse Schans,NL,52.469165802002,4.8049998283386
ZBM,Zaltbommel,NL,51.80888748169,5.2633333206177
ZVT,Zandvoort aan Zee,NL,52.3752784729,4.5327777862549
ZA,Zetten-Andelst,NL,51.920056,5.7228408
ZV,Zevenaar,NL,51.923053741455,6.0719442367554
ZVB,Zevenbergen,NL,51.64042,4.60904
ZTM,Zoetermeer,NL,52.047500610352,4.4772224426269
ZTMO,Zoetermeer Oost,NL,52.046390533447,4.4927778244019
ZB,Zuidbroek,NL,53.159612280006,6.8679141998291
ZH,Zuidhorn,NL,53.2486292,6.4062361
ZUE,Zürich HB,CH,47.37819,8.5392
ZP,Zutphen,NL,52.145278930664,6.1941666603088
ZWD,Zwijndrecht,NL,51.814998626709,4.6416668891907
LZD,Zwijndrecht (B),B,51.214167,4.33
ZL,Zwolle,NL,52.504722595215,6.0919442176819
ZLSH,Zwolle Stadshagen,NL,52.52764,6.05146
DRESD,Dresden Hbf,D,51.040624,13.731441
KMB,Montabaur,D,50.4447,7.8253
PRAHA,Praha hl.n.,CZ,50.085,14.441
PRAHOL,Praha-Holesovice,CZ,50.11,14.439
RBB,Baden-Baden,D,48.7905,8.1908
RTNG,SSN Stoomdepot,NL,51.9363,4.5098
NAH,Aschaffenburg Hbf,D,49.98028,9.14361
